type,title,original_title,year,tvdb_id,tmdb_id,favorite,list_status,added_at,for_later_at,stopped_watching_at,hidden_at
movie,Interstellar,,2014,,,false,stopped,2015-03-05T18:23:58.000Z,,2015-05-02T18:23:58.000Z,
movie,The Incredibles,,2004,,,false,stopped,2015-03-18T23:12:36.000Z,,2015-03-29T23:12:36.000Z,
movie,Aliens,,1986,,,false,following,2015-04-20T21:59:32.000Z,,,
movie,Guardians of the Galaxy: Vol. 2,Guardians of the Galaxy Vol.2,2017,,,false,stopped,2015-04-28T18:37:15.000Z,,2015-06-20T18:37:15.000Z,
show,Marco Polo,,2014,,,false,stopped,2015-05-04T22:36:44.000Z,,2015-05-24T22:36:44.000Z,
movie,John Wick,,2014,,,false,stopped,2015-05-05T22:52:13.000Z,,2015-07-03T22:52:13.000Z,
show,Star Trek: The Next Generation,,1987,,,false,following,2015-05-11T18:08:43.000Z,,,
show,Young Royals,,2021,,,false,following,2015-05-15T17:04:49.000Z,,,
movie,Spider-Man: Across the Spider-Verse,,2023,,,false,following,2015-05-21T23:08:20.000Z,,,
movie,The Mask,,1994,,,false,following,2015-05-24T18:39:10.000Z,,,
show,Young Justice,,2010,,,true,following,2015-06-09T17:24:37.000Z,,,
movie,Hidden Figures,,2016,,,false,following,2015-06-09T20:08:41.000Z,,,2015-10-22T20:08:41.000Z
show,Gomorrah,Gomorra,2014,,,false,stopped,2015-06-16T20:40:36.000Z,,2015-06-20T20:40:36.000Z,
movie,Scent of a Woman,,1992,,,false,following,2015-06-16T21:21:22.000Z,,,
movie,Kong: Skull Island,,2017,,,false,following,2015-06-18T19:03:23.000Z,,,
movie,King Kong,,2005,,,false,following,2015-06-25T23:15:03.000Z,,,
movie,Legally Blonde,,2001,,,false,following,2015-07-12T21:39:08.000Z,,,
movie,The Shawshank Redemption,,1994,,,false,stopped,2015-07-21T18:07:08.000Z,,2015-08-16T18:07:08.000Z,
show,FUBAR,Fubar,2023,,,false,stopped,2015-08-04T20:35:43.000Z,,2015-09-23T20:35:43.000Z,
movie,Birds of Prey and the Fantabulous Emancipation of One Harley Quinn,Birds of Prey (and the Fantabulous Emancipation of One Harley Quinn),2020,,,false,following,2015-08-05T19:16:31.000Z,,,
movie,"Girl, Interrupted",,1999,,,false,following,2015-09-03T17:41:04.000Z,,,
show,The Rain,,2018,,,false,following,2015-09-06T23:01:31.000Z,,,
movie,M3GAN,,2022,,,true,for_later,2015-09-08T22:07:23.000Z,2015-09-08T22:07:23.000Z,,
show,The Four Seasons,,2025,,,false,stopped,2015-09-21T22:52:21.000Z,,2015-10-25T22:52:21.000Z,2016-02-10T22:52:21.000Z
movie,The Girl with the Dragon Tattoo,Män som hatar kvinnor,2009,,,false,following,2015-09-21T23:43:28.000Z,,,
movie,What Happens in Vegas,,2008,,,false,following,2015-09-27T17:16:45.000Z,,,
movie,I Know What You Did Last Summer,,1997,,,false,stopped,2015-10-08T18:43:22.000Z,,2015-12-04T18:43:22.000Z,
movie,The Lost City,,2022,,,false,for_later,2015-10-11T21:06:19.000Z,2015-10-11T21:06:19.000Z,,
movie,Underworld: Awakening,,2012,,,false,following,2015-10-26T18:09:46.000Z,,,
movie,A Silent Voice: The Movie,Koe no katachi,2016,,,false,for_later,2015-10-29T17:20:56.000Z,2015-10-29T17:20:56.000Z,,
movie,Killer Elite,,2011,,,false,stopped,2015-10-29T23:38:34.000Z,,2015-11-09T23:38:34.000Z,
show,Hanna,,2019,,,false,stopped,2015-11-05T22:21:33.000Z,,2015-11-23T22:21:33.000Z,
movie,Ride Along,,2014,,,true,stopped,2015-11-09T20:21:12.000Z,,2015-12-20T20:21:12.000Z,
movie,The Spy Who Loved Me,,1977,,,false,stopped,2015-11-10T22:42:41.000Z,,2015-12-22T22:42:41.000Z,
movie,Sisu,,2022,,,false,following,2015-12-10T17:51:05.000Z,,,
show,The Missing,,2014,,,false,following,2015-12-27T18:21:23.000Z,,,
show,The Fosters,,2013,,,false,following,2015-12-30T20:30:03.000Z,,,
show,Skeleton Crew,,2024,,,false,stopped,2015-12-31T21:55:02.000Z,,2016-01-27T21:55:02.000Z,
movie,A Cinderella Story,,2004,,,false,stopped,2016-01-01T18:28:25.000Z,,2016-01-12T18:28:25.000Z,
show,The Killing,Forbrydelsen,2007,,,false,following,2016-01-07T18:17:34.000Z,,,
show,Fresh Off the Boat,,2015,,,false,stopped,2016-01-11T22:41:46.000Z,,2016-02-16T22:41:46.000Z,
movie,Say Anything,Say Anything...,1989,,,false,following,2016-01-21T23:49:19.000Z,,,
movie,Run,,2020,,,false,stopped,2016-01-24T21:47:18.000Z,,2016-03-15T21:47:18.000Z,
movie,The Searchers,,1956,,,false,following,2016-01-30T22:58:00.000Z,,,
movie,The Rainmaker,,1997,,,false,stopped,2016-02-03T22:39:33.000Z,,2016-03-26T22:39:33.000Z,
movie,Scary Stories to Tell in the Dark,,2019,,,false,following,2016-02-08T18:42:56.000Z,,,
movie,Sicko,,2007,,,false,following,2016-03-08T20:02:49.000Z,,,
movie,Whisper of the Heart,Mimi o sumaseba,1995,,,false,following,2016-03-16T19:45:16.000Z,,,2016-08-03T19:45:16.000Z
movie,Fool's Gold,,2008,,,false,stopped,2016-03-17T19:29:29.000Z,,2016-04-17T19:29:29.000Z,
movie,Deuce Bigalow: Male Gigolo,,1999,,,false,for_later,2016-03-30T23:27:40.000Z,2016-03-30T23:27:40.000Z,,
movie,The Girl Who Kicked the Hornet's Nest,Luftslottet som sprängdes,2009,,,false,stopped,2016-04-05T21:21:09.000Z,,2016-05-26T21:21:09.000Z,
show,Shetland,,2013,,,false,following,2016-04-17T19:24:39.000Z,,,
movie,The Messenger: The Story of Joan of Arc,Joan of Arc,1999,,,false,for_later,2016-04-24T22:43:20.000Z,2016-04-24T22:43:20.000Z,,
show,Taskmaster,,2015,,,false,following,2016-04-29T20:36:56.000Z,,,
movie,"Salò, or the 120 Days of Sodom",Salò o le 120 giornate di Sodoma,1975,,,false,following,2016-04-29T23:40:16.000Z,,,
show,Kaguya-sama: Love Is War,Kaguya-sama wa kokurasetai ~ Tensai tachi no ren'ai zunô sen ~,2019,,,false,stopped,2016-05-09T21:02:19.000Z,,2016-06-14T21:02:19.000Z,
movie,Silent Hill: Revelation,,2012,,,false,following,2016-05-13T19:43:32.000Z,,,
show,Trapped,Ófærð,2015,,,false,for_later,2016-05-23T23:36:30.000Z,2016-05-23T23:36:30.000Z,,
movie,BlackBerry,,2023,,,false,stopped,2016-05-25T19:33:02.000Z,,2016-07-05T19:33:02.000Z,
movie,Weathering with You,Tenki no ko,2019,,,false,stopped,2016-06-07T17:56:26.000Z,,2016-06-30T17:56:26.000Z,
movie,Terms of Endearment,,1983,,,false,stopped,2016-06-10T18:21:10.000Z,,2016-08-01T18:21:10.000Z,
movie,Magnum Force,,1973,,,true,stopped,2016-06-10T19:25:37.000Z,,2016-07-20T19:25:37.000Z,2016-10-06T19:25:37.000Z
show,Studio 60 on the Sunset Strip,,2006,,,false,for_later,2016-06-24T18:58:01.000Z,2016-06-24T18:58:01.000Z,,
show,The Fame Game,,2022,,,false,following,2016-06-26T21:37:28.000Z,,,
show,JAG,,1995,,,false,following,2016-06-28T19:19:06.000Z,,,
movie,A Night at the Roxbury,,1998,,,false,following,2016-07-03T23:17:34.000Z,,,
movie,Scream 7,,2026,,,false,following,2016-07-09T19:36:08.000Z,,,
show,Hawkeye,,2021,,,false,following,2016-07-17T20:03:52.000Z,,,
movie,The Family Plan,,2023,,,false,stopped,2016-07-20T17:46:10.000Z,,2016-08-07T17:46:10.000Z,
movie,I Don't Feel at Home in This World Anymore,,2017,,,false,following,2016-07-26T17:59:30.000Z,,,
show,Demon Slayer: Kimetsu no Yaiba,Kimetsu no Yaiba,2019,,,false,following,2016-08-06T21:17:48.000Z,,,
movie,Haider,,2014,,,true,for_later,2016-08-16T18:03:18.000Z,2016-08-16T18:03:18.000Z,,
movie,Jab We Met,,2007,,,false,following,2016-08-28T17:02:29.000Z,,,
movie,Official Secrets,,2019,,,false,following,2016-09-01T17:46:56.000Z,,,
movie,Step Up: Revolution,Step Up Revolution,2012,,,false,following,2016-09-10T23:11:44.000Z,,,
show,American Primeval,,2025,,,false,following,2016-09-11T20:18:18.000Z,,,
show,Elite,Élite,2018,,,false,following,2016-09-11T20:26:00.000Z,,,
movie,Before I Wake,,2016,,,false,stopped,2016-09-30T22:51:07.000Z,,2016-10-15T22:51:07.000Z,
movie,Planes,,2013,,,true,following,2016-10-05T23:50:54.000Z,,,
movie,Fahrenheit 451,,1966,,,false,following,2016-10-07T22:06:03.000Z,,,
movie,Nowhere,,2023,,,false,following,2016-10-20T18:34:12.000Z,,,
movie,The Secret of NIMH,,1982,,,false,stopped,2016-10-29T20:19:24.000Z,,2016-11-25T20:19:24.000Z,
movie,After We Collided,,2020,,,false,stopped,2016-11-14T22:02:50.000Z,,2016-12-26T22:02:50.000Z,
movie,Happy New Year,,2014,,,false,stopped,2016-11-20T23:56:36.000Z,,2017-01-01T23:56:36.000Z,
movie,The Hate U Give,,2018,,,false,following,2016-11-22T18:07:18.000Z,,,
show,Paatal Lok,,2020,,,false,following,2016-11-23T22:16:20.000Z,,,
movie,The Avengers,,1998,,,false,following,2016-11-24T19:18:32.000Z,,,
show,Ted,,2024,,,false,stopped,2016-11-26T18:02:29.000Z,,2016-12-15T18:02:29.000Z,
movie,Romper Stomper,,1992,,,false,following,2016-12-24T20:58:02.000Z,,,
movie,Watership Down,,1978,,,false,following,2016-12-25T20:01:36.000Z,,,
movie,Victoria & Abdul,,2017,,,false,for_later,2017-01-11T22:04:18.000Z,2017-01-11T22:04:18.000Z,,
movie,Batman: The Movie,,1966,,,false,following,2017-01-18T18:57:26.000Z,,,
movie,'83,83,2021,,,false,following,2017-01-27T21:59:50.000Z,,,
movie,Pontypool,,2008,,,false,following,2017-01-28T20:34:19.000Z,,,
show,Sabrina the Teenage Witch,,1996,,,true,following,2017-01-28T22:44:40.000Z,,,
movie,Angels in the Outfield,,1994,,,false,stopped,2017-02-09T21:00:40.000Z,,2017-02-27T21:00:40.000Z,
movie,The 15:17 to Paris,,2018,,,false,following,2017-02-15T23:32:28.000Z,,,
movie,The Captive,,2014,,,false,stopped,2017-02-23T23:05:33.000Z,,2017-02-26T23:05:33.000Z,
movie,FernGully: The Last Rainforest,,1992,,,true,following,2017-03-14T21:40:30.000Z,,,
movie,The Bad Batch,,2016,,,false,stopped,2017-03-24T19:29:57.000Z,,2017-04-12T19:29:57.000Z,
movie,The Omega Man,,1971,,,false,for_later,2017-04-01T20:32:10.000Z,2017-04-01T20:32:10.000Z,,
movie,L'Avventura,L'avventura,1960,,,false,following,2017-04-21T18:45:54.000Z,,,
movie,The Bay,,2012,,,false,following,2017-04-25T19:17:57.000Z,,,
movie,Vanishing Point,,1971,,,false,following,2017-04-30T17:36:58.000Z,,,
movie,Sorority Row,,2009,,,false,following,2017-04-30T23:42:15.000Z,,,
movie,Space Sweepers,Seungriho,2021,,,false,following,2017-06-05T17:13:38.000Z,,,
movie,The Godfather,,1972,,,true,following,2017-09-25T23:34:27.000Z,,,
movie,Thanks for Sharing,,2012,,,false,following,2017-11-06T21:58:03.000Z,,,
movie,American Gigolo,,1980,,,false,following,2017-11-15T21:53:09.000Z,,,
movie,Human Traffic,,1999,,,true,stopped,2017-12-22T17:12:24.000Z,,2018-02-05T17:12:24.000Z,
movie,Memoirs of an Invisible Man,,1992,,,false,stopped,2017-12-26T18:15:15.000Z,,2018-01-03T18:15:15.000Z,
movie,Chicken Run: Dawn of the Nugget,,2023,,,false,following,2018-01-06T19:30:29.000Z,,,
movie,Through a Glass Darkly,Såsom i en spegel,1961,,,false,following,2018-01-06T22:58:03.000Z,,,
show,Farscape,,1999,,,false,stopped,2018-01-16T17:44:00.000Z,,2018-03-12T17:44:00.000Z,
movie,Georgia Rule,,2007,,,false,following,2018-01-17T19:13:56.000Z,,,2018-06-29T19:13:56.000Z
movie,The Little Death,,2014,,,false,following,2018-02-09T20:15:34.000Z,,,
movie,Obvious Child,,2014,,,false,for_later,2018-02-09T22:21:18.000Z,2018-02-09T22:21:18.000Z,,
movie,Theri,,2016,,,true,following,2018-02-12T17:51:54.000Z,,,
movie,Birdemic: Shock and Terror,,2010,,,false,following,2018-02-13T20:03:22.000Z,,,
movie,The Ballad of Wallis Island,,2025,,,false,following,2018-03-06T17:34:53.000Z,,,
movie,Guru,,2007,,,false,following,2018-03-10T18:33:12.000Z,,,
movie,Knockaround Guys,,2001,,,false,following,2018-03-10T22:44:29.000Z,,,
movie,What's Love Got to Do with It,,1993,,,false,stopped,2018-03-13T22:07:47.000Z,,2018-05-05T22:07:47.000Z,
movie,Problem Child 2,,1991,,,false,following,2018-03-14T19:29:25.000Z,,,
movie,St. Trinian's,,2007,,,false,stopped,2018-04-03T20:00:18.000Z,,2018-04-12T20:00:18.000Z,
movie,A Big Bold Beautiful Journey,,2025,,,false,for_later,2018-04-04T18:43:45.000Z,2018-04-04T18:43:45.000Z,,
movie,Candy Cane Lane,,2023,,,false,following,2018-04-07T20:59:17.000Z,,,
movie,The Love Witch,,2016,,,false,for_later,2018-04-23T18:56:33.000Z,2018-04-23T18:56:33.000Z,,
movie,State and Main,,2000,,,false,stopped,2018-05-04T20:23:06.000Z,,2018-06-27T20:23:06.000Z,
movie,Survival of the Dead,,2009,,,false,for_later,2018-05-04T20:43:01.000Z,2018-05-04T20:43:01.000Z,,
movie,"The Goods: Live Hard, Sell Hard",,2009,,,false,for_later,2018-05-05T22:45:17.000Z,2018-05-05T22:45:17.000Z,,
movie,Last Chance Harvey,,2008,,,false,following,2018-05-07T22:08:44.000Z,,,2018-08-01T22:08:44.000Z
movie,Can You Keep a Secret?,,2019,,,false,following,2018-05-24T21:36:00.000Z,,,
movie,The Dark Knight,,2008,,,false,stopped,2018-05-26T23:55:30.000Z,,2018-07-18T23:55:30.000Z,
show,The Devil's Hour,,2022,,,false,stopped,2018-06-05T19:11:28.000Z,,2018-08-03T19:11:28.000Z,
show,"Murder, She Wrote",,1984,,,false,stopped,2018-06-08T18:49:58.000Z,,2018-07-30T18:49:58.000Z,
movie,Zombeavers,,2014,,,false,stopped,2018-06-11T21:06:14.000Z,,2018-07-17T21:06:14.000Z,
movie,Pulp Fiction,,1994,,,false,following,2018-06-16T19:18:15.000Z,,,
movie,Winchester '73,,1950,,,false,for_later,2018-06-17T20:34:32.000Z,2018-06-17T20:34:32.000Z,,
movie,Fight Club,,1999,,,false,for_later,2018-07-04T17:14:20.000Z,2018-07-04T17:14:20.000Z,,
movie,A Private War,,2018,,,false,for_later,2018-07-09T21:33:23.000Z,2018-07-09T21:33:23.000Z,,
movie,House of Wax,,1953,,,false,stopped,2018-07-13T18:34:53.000Z,,2018-08-02T18:34:53.000Z,
show,Alchemy of Souls,Hwan Hon,2022,,,false,stopped,2018-07-18T17:51:37.000Z,,2018-09-06T17:51:37.000Z,
movie,Any Which Way You Can,,1980,,,false,stopped,2018-07-19T22:42:59.000Z,,2018-09-06T22:42:59.000Z,
movie,Horse Girl,,2020,,,false,following,2018-07-31T20:00:32.000Z,,,
movie,The Hangover Part II,,2011,,,false,following,2018-08-08T21:33:34.000Z,,,
movie,Silver Linings Playbook,,2012,,,false,following,2018-08-18T23:50:43.000Z,,,
movie,Arrival,,2016,,,true,following,2018-08-30T17:49:05.000Z,,,
movie,Love Actually,,2003,,,false,following,2018-09-20T20:03:40.000Z,,,
movie,Saw,,2004,,,false,following,2018-09-21T20:58:39.000Z,,,
show,Rescue Me,,2004,,,false,for_later,2018-09-22T17:43:42.000Z,2018-09-22T17:43:42.000Z,,
movie,Inception,,2010,,,false,stopped,2018-09-23T23:58:33.000Z,,2018-11-20T23:58:33.000Z,
movie,The Fast and the Furious: Tokyo Drift,,2006,,,false,stopped,2018-10-01T20:32:26.000Z,,2018-11-03T20:32:26.000Z,
show,The Thick of It,,2005,,,false,following,2018-10-03T23:07:23.000Z,,,
movie,Beauty and the Beast,,1991,,,false,stopped,2018-10-04T20:59:29.000Z,,2018-11-25T20:59:29.000Z,
movie,Once Upon a Time in America,C'era una volta in America,1984,,,false,stopped,2018-10-16T23:45:23.000Z,,2018-11-23T23:45:23.000Z,
show,Breaking Bad,,2008,,,false,for_later,2018-11-07T20:01:15.000Z,2018-11-07T20:01:15.000Z,,
movie,The Expendables 2,,2012,,,false,following,2018-11-07T21:15:19.000Z,,,
show,Tires,,2024,,,false,stopped,2018-11-18T19:05:43.000Z,,2018-12-26T19:05:43.000Z,
movie,The Lobster,,2015,,,true,stopped,2018-11-21T19:02:49.000Z,,2018-12-05T19:02:49.000Z,
show,Strong Girl Bong-soon,Him-ssen yeo-ja Do Bong-soon,2017,,,false,stopped,2018-12-06T23:41:22.000Z,,2018-12-19T23:41:22.000Z,2019-05-19T23:41:22.000Z
movie,The Descent,,2005,,,false,stopped,2018-12-07T21:38:15.000Z,,2019-01-19T21:38:15.000Z,
show,Northern Exposure,,1990,,,false,following,2018-12-09T21:37:28.000Z,,,
movie,Gangster Squad,,2013,,,false,stopped,2018-12-10T18:18:14.000Z,,2019-01-21T18:18:14.000Z,
movie,The Change-Up,,2011,,,true,following,2018-12-12T23:45:48.000Z,,,
show,Royal Pains,,2009,,,false,following,2018-12-14T20:10:46.000Z,,,
movie,Ghost,,1990,,,false,stopped,2018-12-16T20:53:40.000Z,,2019-01-05T20:53:40.000Z,
movie,The Vow,,2012,,,false,following,2018-12-30T17:07:37.000Z,,,
movie,Transporter 3,,2008,,,false,following,2019-01-05T17:25:39.000Z,,,
movie,Independence Day: Resurgence,,2016,,,false,following,2019-01-07T17:28:39.000Z,,,
show,The Last Kingdom,,2015,,,false,following,2019-01-12T23:34:23.000Z,,,
movie,Brothers,,2009,,,false,following,2019-01-16T19:09:56.000Z,,,
movie,Joker: Folie à Deux,,2024,,,false,following,2019-01-18T23:23:17.000Z,,,
show,Baby Reindeer,,2024,,,true,stopped,2019-01-24T21:43:29.000Z,,2019-02-03T21:43:29.000Z,
show,The Expanse,,2015,,,false,following,2019-01-27T17:46:53.000Z,,,2019-07-11T17:46:53.000Z
movie,The Phantom of the Opera,,2004,,,false,following,2019-02-06T22:44:24.000Z,,,
show,Teen Wolf,,2011,,,false,following,2019-02-07T21:49:23.000Z,,,
movie,Nymphomaniac: Vol. I,,2013,,,false,stopped,2019-02-08T18:59:07.000Z,,2019-03-30T18:59:07.000Z,
movie,Glory,,1989,,,false,following,2019-02-14T23:38:49.000Z,,,2019-07-09T23:38:49.000Z
movie,Neighbors 2: Sorority Rising,,2016,,,false,following,2019-02-16T19:12:00.000Z,,,
movie,The Firm,,1993,,,false,for_later,2019-02-21T23:58:26.000Z,2019-02-21T23:58:26.000Z,,
movie,We Were Soldiers,,2002,,,false,stopped,2019-02-24T21:51:36.000Z,,2019-04-14T21:51:36.000Z,
movie,Moonraker,,1979,,,false,following,2019-03-12T23:58:27.000Z,,,
movie,The Matrix,,1999,,,false,following,2019-03-20T22:25:22.000Z,,,
show,The Inbetweeners,,2008,,,false,following,2019-03-21T21:03:06.000Z,,,
movie,Diamonds Are Forever,,1971,,,false,for_later,2019-03-25T19:46:49.000Z,2019-03-25T19:46:49.000Z,,
show,The West Wing,,1999,,,false,stopped,2019-04-02T17:51:14.000Z,,2019-05-14T17:51:14.000Z,
movie,Crazy Heart,,2009,,,false,following,2019-04-02T20:28:43.000Z,,,
show,Sleepy Hollow,,2013,,,false,following,2019-04-04T19:26:32.000Z,,,
movie,Jobs,,2013,,,false,following,2019-04-17T23:18:33.000Z,,,
movie,Forrest Gump,,1994,,,false,following,2019-04-20T18:55:19.000Z,,,
movie,Eurovision Song Contest: The Story of Fire Saga,,2020,,,false,stopped,2019-04-22T19:23:16.000Z,,2019-05-03T19:23:16.000Z,
show,Game of Thrones,,2011,,,false,for_later,2019-04-28T22:31:06.000Z,2019-04-28T22:31:06.000Z,,
movie,Paterson,,2016,,,false,following,2019-05-02T18:16:47.000Z,,,2019-11-18T18:16:47.000Z
movie,Legend of the Guardians: The Owls of Ga'Hoole,,2010,,,false,for_later,2019-05-12T19:42:04.000Z,2019-05-12T19:42:04.000Z,,
show,CSI: Miami,,2002,,,false,following,2019-05-25T18:28:05.000Z,,,
movie,Eighth Grade,,2018,,,true,following,2019-06-10T17:20:02.000Z,,,
movie,Centurion,,2010,,,false,following,2019-06-23T20:41:33.000Z,,,
show,Flashforward,,2009,,,false,following,2019-06-30T22:10:10.000Z,,,
movie,Legend,,1985,,,false,following,2019-07-06T22:16:52.000Z,,,
movie,Scary Movie 5,,2013,,,false,stopped,2019-07-12T20:52:45.000Z,,2019-08-01T20:52:45.000Z,
movie,The Wicker Man,,2006,,,false,following,2019-07-16T22:58:22.000Z,,,2019-11-21T22:58:22.000Z
movie,Into the Blue,,2005,,,false,stopped,2019-07-19T17:47:15.000Z,,2019-09-05T17:47:15.000Z,
movie,Star Trek: Insurrection,,1998,,,false,following,2019-07-24T17:54:28.000Z,,,
show,The Sopranos,,1999,,,false,following,2019-08-07T21:07:35.000Z,,,
movie,The Sitter,,2011,,,false,following,2019-08-09T21:37:51.000Z,,,
movie,El Mariachi,El mariachi,1992,,,true,following,2019-08-11T19:25:04.000Z,,,
show,The Boondocks,,2005,,,false,stopped,2019-08-17T21:32:14.000Z,,2019-08-23T21:32:14.000Z,
movie,The Woman in Cabin 10,,2025,,,false,for_later,2019-08-20T19:02:33.000Z,2019-08-20T19:02:33.000Z,,
movie,The Haunting in Connecticut,,2009,,,true,following,2019-09-08T21:13:51.000Z,,,
movie,Leo,,2023,,,false,following,2019-09-26T23:14:34.000Z,,,
movie,Tusk,,2014,,,false,following,2019-09-27T17:28:37.000Z,,,
movie,Crocodile Dundee II,,1988,,,false,following,2019-10-07T17:30:31.000Z,,,
show,Pinky and the Brain,,1995,,,false,stopped,2019-10-10T19:28:56.000Z,,2019-11-02T19:28:56.000Z,
movie,Dangerous Minds,,1995,,,false,following,2019-10-16T22:01:33.000Z,,,
movie,The Silence of the Lambs,,1991,,,false,stopped,2019-10-16T22:39:45.000Z,,2019-12-06T22:39:45.000Z,
movie,Alvin and the Chipmunks: The Squeakquel,,2009,,,false,following,2019-10-18T20:08:28.000Z,,,
movie,Soldier,,1998,,,false,stopped,2019-10-19T18:44:24.000Z,,2019-11-12T18:44:24.000Z,
movie,The Little Rascals,,1994,,,false,following,2019-10-26T19:03:43.000Z,,,
movie,Luckiest Girl Alive,,2022,,,false,following,2019-11-14T21:39:09.000Z,,,
movie,To Die For,,1995,,,false,stopped,2019-11-18T21:32:57.000Z,,2019-12-05T21:32:57.000Z,
show,Suburgatory,,2011,,,false,stopped,2019-11-30T17:13:43.000Z,,2020-01-26T17:13:43.000Z,
movie,The Way Back,,2020,,,false,stopped,2019-12-01T19:09:09.000Z,,2019-12-22T19:09:09.000Z,
movie,The Rebound,,2009,,,false,following,2019-12-05T23:03:10.000Z,,,
movie,Operation Finale,,2018,,,false,following,2019-12-14T19:00:30.000Z,,,
movie,Kantara: A Legend - Chapter 1,,2025,,,true,following,2019-12-19T17:54:53.000Z,,,
movie,Marrowbone,,2017,,,false,following,2019-12-21T18:21:57.000Z,,,
movie,Diary of the Dead,,2007,,,false,stopped,2020-01-02T17:32:02.000Z,,2020-02-15T17:32:02.000Z,
show,Sherlock,,2010,,,false,following,2020-01-16T20:27:18.000Z,,,
movie,Sea of Love,,1989,,,false,following,2020-01-22T20:02:49.000Z,,,
show,Mahabharat,,1988,,,false,following,2020-01-24T17:44:03.000Z,,,
show,The Get Down,,2016,,,false,following,2020-01-24T22:24:49.000Z,,,
show,Bodyguard,,2018,,,false,following,2020-01-30T22:07:52.000Z,,,
show,What If...?,,2021,,,false,following,2020-02-01T23:50:26.000Z,,,
show,Barry,,2018,,,false,stopped,2020-02-04T18:49:23.000Z,,2020-02-07T18:49:23.000Z,
show,The Originals,,2013,,,false,following,2020-02-10T23:05:35.000Z,,,
movie,Old Dads,,2023,,,false,following,2020-02-14T17:11:54.000Z,,,
movie,Kagemusha: The Shadow Warrior,Kagemusha,1980,,,false,stopped,2020-03-09T20:48:00.000Z,,2020-03-20T20:48:00.000Z,
movie,One Life,,2023,,,false,following,2020-03-09T22:13:15.000Z,,,
movie,22 July,,2018,,,false,following,2020-03-10T21:46:27.000Z,,,
movie,A Bittersweet Life,Dalkomhan insaeng,2005,,,false,for_later,2020-03-11T20:02:05.000Z,2020-03-11T20:02:05.000Z,,
movie,Exorcist: The Beginning,,2004,,,false,following,2020-03-13T17:35:26.000Z,,,
movie,Gully Boy,,2019,,,false,stopped,2020-03-15T19:59:19.000Z,,2020-05-04T19:59:19.000Z,
movie,Haunt,,2019,,,false,following,2020-03-17T19:06:30.000Z,,,
movie,The Nutcracker and the Four Realms,,2018,,,false,following,2020-03-20T19:30:36.000Z,,,
movie,Gladiator,,2000,,,false,following,2020-03-22T18:14:48.000Z,,,
movie,The Way of the Dragon,Meng long guo jiang,1972,,,false,for_later,2020-03-23T18:52:25.000Z,2020-03-23T18:52:25.000Z,,
movie,Incident in a Ghostland,Ghostland,2018,,,false,following,2020-03-23T19:35:56.000Z,,,
show,The Wire,,2002,,,false,following,2020-03-29T20:36:04.000Z,,,
show,Hijack,,2023,,,false,stopped,2020-04-01T20:57:00.000Z,,2020-05-28T20:57:00.000Z,
movie,Nim's Island,,2008,,,false,following,2020-04-01T23:48:53.000Z,,,
movie,Bandits,,2001,,,false,stopped,2020-04-02T22:57:01.000Z,,2020-05-13T22:57:01.000Z,
show,Cold Case,,2003,,,false,following,2020-04-02T23:43:52.000Z,,,
movie,Stonehearst Asylum,,2014,,,false,stopped,2020-04-04T17:00:49.000Z,,2020-05-24T17:00:49.000Z,
movie,Ferrari,,2023,,,false,following,2020-04-04T19:14:25.000Z,,,
show,The Nevers,,2021,,,false,following,2020-04-04T23:12:49.000Z,,,
movie,Ip Man 3,Yip Man 3,2015,,,false,following,2020-04-04T23:59:10.000Z,,,
movie,Coolie No. 1,Coolie No.1,2020,,,false,following,2020-04-05T20:09:12.000Z,,,
show,The Politician,,2019,,,false,following,2020-04-05T22:01:51.000Z,,,
movie,Gorillas in the Mist,Gorillas in the Mist: The Story of Dian Fossey,1988,,,false,following,2020-04-06T20:11:42.000Z,,,
movie,Time Bandits,,1981,,,false,following,2020-04-06T23:12:01.000Z,,,
movie,Sid and Nancy,,1986,,,false,following,2020-04-07T21:28:42.000Z,,,
movie,Son of Rambow,,2007,,,false,following,2020-04-11T20:59:33.000Z,,,
movie,Dragnet,,1987,,,false,for_later,2020-04-11T23:49:11.000Z,2020-04-11T23:49:11.000Z,,
movie,24 Hour Party People,,2002,,,false,for_later,2020-04-14T20:02:38.000Z,2020-04-14T20:02:38.000Z,,
movie,Sleepless,,2017,,,true,stopped,2020-04-15T21:42:08.000Z,,2020-05-14T21:42:08.000Z,
movie,Serena,,2014,,,false,stopped,2020-04-16T17:52:20.000Z,,2020-04-24T17:52:20.000Z,
movie,Are We There Yet?,,2005,,,false,following,2020-04-20T22:00:43.000Z,,,
show,Cosmos: A Spacetime Odyssey,,2014,,,false,following,2020-04-21T18:09:42.000Z,,,
movie,6 Souls,,2010,,,false,stopped,2020-04-21T18:19:42.000Z,,2020-06-09T18:19:42.000Z,
show,Task,,2025,,,false,following,2020-04-22T23:15:42.000Z,,,
movie,Day Watch,Dnevnoy dozor,2006,,,false,following,2020-04-24T22:00:23.000Z,,,
show,The Rookie,,2018,,,false,stopped,2020-04-25T22:43:55.000Z,,2020-05-30T22:43:55.000Z,
movie,Nobody Knows,Dare mo shiranai,2004,,,false,stopped,2020-04-29T23:17:10.000Z,,2020-06-27T23:17:10.000Z,
movie,The Parallax View,,1974,,,false,stopped,2020-05-06T21:37:24.000Z,,2020-07-04T21:37:24.000Z,
movie,Rampart,,2011,,,false,following,2020-05-09T21:03:12.000Z,,,
show,Madam Secretary,,2014,,,false,following,2020-05-13T22:02:39.000Z,,,
movie,An American Tail: Fievel Goes West,,1991,,,false,following,2020-05-16T23:03:38.000Z,,,
show,Little Britain,,2003,,,false,for_later,2020-05-18T22:52:44.000Z,2020-05-18T22:52:44.000Z,,
show,The Woman in the House Across the Street from the Girl in the Window,,2022,,,true,stopped,2020-05-18T23:49:19.000Z,,2020-06-02T23:49:19.000Z,
movie,Black Crab,Svart krabba,2022,,,false,following,2020-05-21T20:27:30.000Z,,,
movie,One Eight Seven,,1997,,,false,following,2020-05-22T22:02:11.000Z,,,
show,V,,2009,,,false,following,2020-05-26T20:30:50.000Z,,,
show,X-Men '97,,2024,,,true,for_later,2020-05-27T18:17:55.000Z,2020-05-27T18:17:55.000Z,,
show,River,,2015,,,false,following,2020-05-29T17:32:32.000Z,,,
movie,Alien,,1979,,,false,following,2020-05-30T19:42:22.000Z,,,
show,Wizards of Waverly Place,,2007,,,false,stopped,2020-05-30T22:24:30.000Z,,2020-06-30T22:24:30.000Z,
show,Dave,,2020,,,false,stopped,2020-06-03T22:50:23.000Z,,2020-07-10T22:50:23.000Z,2020-11-07T22:50:23.000Z
show,Stranger Things,,2016,,,false,following,2020-06-04T21:10:21.000Z,,,
movie,The Day of the Beast,El día de la bestia,1995,,,false,following,2020-06-07T19:11:23.000Z,,,
show,Good Luck Charlie,,2010,,,false,stopped,2020-06-10T20:19:52.000Z,,2020-07-04T20:19:52.000Z,
movie,Barely Lethal,,2015,,,false,stopped,2020-06-11T18:58:01.000Z,,2020-07-23T18:58:01.000Z,
movie,The Shining,,1980,,,false,following,2020-06-17T22:52:47.000Z,,,
movie,Happiness for Beginners,,2023,,,false,following,2020-06-17T22:59:29.000Z,,,2020-09-26T22:59:29.000Z
movie,The Rescue,,2021,,,false,following,2020-06-18T18:54:31.000Z,,,
show,American Nightmare,,2024,,,false,for_later,2020-06-24T17:59:23.000Z,2020-06-24T17:59:23.000Z,,
show,Daredevil,,2015,,,false,stopped,2020-06-24T19:42:04.000Z,,2020-07-07T19:42:04.000Z,
movie,Prom Night,,1980,,,false,following,2020-06-30T18:56:23.000Z,,,
show,Bones,,2005,,,false,following,2020-07-01T23:06:21.000Z,,,
movie,Pineapple Express,,2008,,,true,following,2020-07-01T23:14:59.000Z,,,
movie,Dawn of the Planet of the Apes,,2014,,,false,following,2020-07-03T19:14:44.000Z,,,
movie,War Dogs,,2016,,,false,following,2020-07-05T21:22:55.000Z,,,
movie,Justice League,,2017,,,false,following,2020-07-06T17:09:40.000Z,,,
movie,The Mummy,,1999,,,false,stopped,2020-07-10T17:05:16.000Z,,2020-07-26T17:05:16.000Z,
show,Freaks and Geeks,,1999,,,false,following,2020-07-12T19:10:38.000Z,,,
movie,Shang-Chi and the Legend of the Ten Rings,,2021,,,false,following,2020-07-16T17:25:11.000Z,,,
movie,Now You See Me 2,,2016,,,false,following,2020-07-16T21:29:45.000Z,,,
show,Gen V,,2023,,,false,for_later,2020-07-18T17:47:52.000Z,2020-07-18T17:47:52.000Z,,
movie,Some Like It Hot,,1959,,,false,stopped,2020-07-21T18:29:49.000Z,,2020-08-28T18:29:49.000Z,
show,Malcolm in the Middle,,2000,,,false,following,2020-07-21T23:30:18.000Z,,,
show,Smallville,,2001,,,false,following,2020-07-29T22:36:49.000Z,,,
movie,Road to Perdition,,2002,,,false,following,2020-08-01T21:47:38.000Z,,,
movie,The Wild Robot,,2024,,,false,for_later,2020-08-02T19:37:24.000Z,2020-08-02T19:37:24.000Z,,
show,One Day,,2024,,,false,for_later,2020-08-04T18:59:16.000Z,2020-08-04T18:59:16.000Z,,
movie,San Andreas,,2015,,,false,following,2020-08-04T23:20:29.000Z,,,
movie,The English Patient,,1996,,,false,stopped,2020-08-12T17:33:35.000Z,,2020-09-30T17:33:35.000Z,
movie,On the Waterfront,,1954,,,false,following,2020-08-15T22:08:00.000Z,,,
movie,Young Frankenstein,,1974,,,false,following,2020-08-17T19:21:20.000Z,,,
movie,Crank,,2006,,,false,stopped,2020-08-22T18:36:53.000Z,,2020-10-19T18:36:53.000Z,
show,Spider-Noir,,2026,,,false,following,2020-08-22T21:36:57.000Z,,,
show,The Gilded Age,,2022,,,false,stopped,2020-08-22T22:37:07.000Z,,2020-09-16T22:37:07.000Z,
show,Mob Psycho 100,,2016,,,false,following,2020-08-23T20:24:06.000Z,,,
movie,The Autopsy of Jane Doe,,2016,,,true,for_later,2020-08-23T20:28:59.000Z,2020-08-23T20:28:59.000Z,,
show,Agatha All Along,,2024,,,false,stopped,2020-08-26T20:11:23.000Z,,2020-09-23T20:11:23.000Z,
movie,eXistenZ,,1999,,,false,following,2020-09-02T17:37:49.000Z,,,
movie,Crocodile Dundee,,1986,,,false,following,2020-09-07T22:56:54.000Z,,,
movie,Moana 2,,2024,,,false,for_later,2020-09-08T17:35:59.000Z,2020-09-08T17:35:59.000Z,,
show,Guardian: The Lonely and Great God,Sseulsseulhago charanhasindoggaebi,2016,,,false,stopped,2020-09-08T17:42:49.000Z,,2020-10-30T17:42:49.000Z,
movie,Paranormal Activity 3,,2011,,,false,following,2020-09-09T19:23:27.000Z,,,
show,Mystery Science Theater 3000,,1988,,,false,stopped,2020-09-10T18:43:52.000Z,,2020-10-15T18:43:52.000Z,
movie,Colombiana,,2011,,,false,following,2020-09-11T18:46:45.000Z,,,
movie,Punjab '95,Satluj,2026,,,false,following,2020-09-11T19:57:06.000Z,,,
movie,The Two Popes,,2019,,,false,stopped,2020-09-12T17:12:22.000Z,,2020-10-16T17:12:22.000Z,
movie,The International,,2009,,,false,for_later,2020-09-19T21:06:51.000Z,2020-09-19T21:06:51.000Z,,
movie,High Noon,,1952,,,false,following,2020-09-23T21:13:59.000Z,,,
show,Inside Man,,2022,,,false,stopped,2020-09-26T23:12:20.000Z,,2020-10-23T23:12:20.000Z,
movie,We Bought a Zoo,,2011,,,false,for_later,2020-09-28T17:49:21.000Z,2020-09-28T17:49:21.000Z,,
show,Sex/Life,,2021,,,false,stopped,2020-09-29T22:01:00.000Z,,2020-10-04T22:01:00.000Z,2020-11-18T22:01:00.000Z
movie,Flow,Straume,2024,,,false,following,2020-09-30T22:04:53.000Z,,,
movie,Skyline,,2010,,,false,stopped,2020-10-04T20:20:17.000Z,,2020-10-07T20:20:17.000Z,
show,CatDog,,1998,,,false,stopped,2020-10-21T23:45:53.000Z,,2020-12-12T23:45:53.000Z,
movie,Day Shift,,2022,,,false,following,2020-10-27T18:34:39.000Z,,,
show,Sliders,,1995,,,false,following,2020-10-27T22:34:24.000Z,,,
movie,Confessions of a Dangerous Mind,,2002,,,false,for_later,2020-10-30T20:58:57.000Z,2020-10-30T20:58:57.000Z,,
movie,Dream Scenario,,2023,,,false,stopped,2020-10-30T23:41:49.000Z,,2020-11-11T23:41:49.000Z,
movie,Goon,,2011,,,false,following,2020-10-31T17:46:16.000Z,,,
show,Gilmore Girls,,2000,,,false,following,2020-11-01T21:24:31.000Z,,,
show,The Night Agent,,2023,,,false,stopped,2020-11-07T22:36:15.000Z,,2020-11-20T22:36:15.000Z,
show,Six Feet Under,,2001,,,false,following,2020-11-08T18:36:01.000Z,,,
show,Dragon Ball Z,,1996,,,false,for_later,2020-11-08T22:23:07.000Z,2020-11-08T22:23:07.000Z,,
show,One Punch Man,One Punch Man: Wanpanman,2015,,,false,stopped,2020-11-16T19:49:05.000Z,,2020-12-15T19:49:05.000Z,
movie,Open Range,,2003,,,false,for_later,2020-11-19T17:59:58.000Z,2020-11-19T17:59:58.000Z,,
movie,Star Trek III: The Search for Spock,,1984,,,false,following,2020-11-20T19:59:57.000Z,,,
movie,Daylight,,1996,,,false,following,2020-11-23T17:48:12.000Z,,,
show,Mr. Robot,,2015,,,false,following,2020-11-28T20:51:57.000Z,,,
show,The IT Crowd,,2006,,,false,stopped,2020-11-30T19:39:58.000Z,,2021-01-16T19:39:58.000Z,
movie,Days of Heaven,,1978,,,false,stopped,2020-12-14T23:38:34.000Z,,2021-02-06T23:38:34.000Z,
movie,The November Man,,2014,,,false,following,2020-12-21T19:46:48.000Z,,,
show,Veronica Mars,,2004,,,false,following,2020-12-26T20:14:21.000Z,,,
movie,The Three Musketeers,,1993,,,false,following,2020-12-28T19:43:16.000Z,,,
movie,Rocketry: The Nambi Effect,,2022,,,false,following,2020-12-30T21:51:33.000Z,,,
movie,Stepmom,,1998,,,false,stopped,2020-12-31T19:09:31.000Z,,2021-03-01T19:09:31.000Z,
movie,Flashdance,,1983,,,false,stopped,2020-12-31T21:47:57.000Z,,2021-03-01T21:47:57.000Z,2021-06-14T21:47:57.000Z
show,The Stranger,,2020,,,false,following,2020-12-31T22:52:37.000Z,,,
movie,The Dilemma,,2011,,,false,for_later,2021-01-07T17:20:21.000Z,2021-01-07T17:20:21.000Z,,
movie,Scouts Guide to the Zombie Apocalypse,,2015,,,false,for_later,2021-01-14T18:40:27.000Z,2021-01-14T18:40:27.000Z,,
movie,Death at a Funeral,,2010,,,false,stopped,2021-01-15T21:46:49.000Z,,2021-02-13T21:46:49.000Z,
movie,Cat on a Hot Tin Roof,,1958,,,false,following,2021-01-18T20:44:04.000Z,,,
movie,The Astronaut's Wife,,1999,,,true,stopped,2021-01-23T22:15:29.000Z,,2021-03-24T22:15:29.000Z,
movie,Ouija,,2014,,,false,for_later,2021-01-31T21:14:22.000Z,2021-01-31T21:14:22.000Z,,
movie,Shall We Dance?,,2004,,,false,following,2021-02-01T23:23:45.000Z,,,
show,Boruto: Naruto Next Generations,Boruto Naruto Nekusuto Jenerêshonzu,2017,,,false,following,2021-02-02T18:17:07.000Z,,,
movie,MacGruber,,2010,,,false,stopped,2021-02-19T19:53:09.000Z,,2021-02-23T19:53:09.000Z,
show,Caprica,,2009,,,true,stopped,2021-02-20T19:49:16.000Z,,2021-03-16T19:49:16.000Z,
show,Joey,,2004,,,false,for_later,2021-02-21T20:18:26.000Z,2021-02-21T20:18:26.000Z,,
show,Spaced,,1999,,,false,stopped,2021-02-22T22:18:44.000Z,,2021-03-07T22:18:44.000Z,
show,Crash Landing on You,Sarangeui bulsachak,2019,,,false,for_later,2021-02-23T20:55:57.000Z,2021-02-23T20:55:57.000Z,,
show,Wentworth,,2013,,,false,stopped,2021-02-28T17:37:02.000Z,,2021-04-25T17:37:02.000Z,
show,She-Ra and the Princesses of Power,,2018,,,false,stopped,2021-03-02T23:56:22.000Z,,2021-04-30T23:56:22.000Z,
movie,The Marksman,,2021,,,false,stopped,2021-03-21T21:08:11.000Z,,2021-04-16T21:08:11.000Z,
movie,Race 3,,2018,,,false,for_later,2021-03-21T21:33:55.000Z,2021-03-21T21:33:55.000Z,,
movie,Kill List,,2011,,,false,following,2021-03-23T20:00:00.000Z,,,
show,Camelot,,2011,,,false,stopped,2021-03-26T21:19:19.000Z,,2021-04-08T21:19:19.000Z,
movie,Ben-Hur,,2016,,,false,following,2021-03-29T23:59:55.000Z,,,
movie,Freaks,,2018,,,false,stopped,2021-04-04T19:37:36.000Z,,2021-04-10T19:37:36.000Z,
show,Titans,,2018,,,false,for_later,2021-04-09T18:15:47.000Z,2021-04-09T18:15:47.000Z,,
show,Hunter X Hunter,Hunter x Hunter,2011,,,true,following,2021-04-12T19:42:48.000Z,,,
movie,Oliver!,,1968,,,false,following,2021-04-21T17:20:03.000Z,,,
movie,Black Knight,,2001,,,false,following,2021-04-27T20:20:10.000Z,,,
show,Violet Evergarden,,2018,,,false,following,2021-05-06T17:53:49.000Z,,,
show,Pushing Daisies,,2007,,,false,stopped,2021-05-16T17:28:13.000Z,,2021-06-03T17:28:13.000Z,
movie,Unfriended: Dark Web,,2018,,,false,following,2021-05-16T21:37:59.000Z,,,
movie,The Believer,,2001,,,false,following,2021-05-20T21:03:25.000Z,,,
movie,Hold the Dark,,2018,,,false,following,2021-05-20T21:22:18.000Z,,,
show,Whose Line Is It Anyway?,,1998,,,false,stopped,2021-05-22T22:34:44.000Z,,2021-05-29T22:34:44.000Z,
movie,Broken Embraces,Los abrazos rotos,2009,,,false,following,2021-05-30T17:44:23.000Z,,,
show,Rugrats,,1991,,,false,following,2021-06-04T22:23:47.000Z,,,
show,Modern Love,,2019,,,false,stopped,2021-06-06T22:12:50.000Z,,2021-06-16T22:12:50.000Z,
show,Marcella,,2016,,,false,following,2021-06-12T19:00:19.000Z,,,
show,Alcatraz,,2012,,,false,following,2021-06-17T21:55:57.000Z,,,
movie,The Protégé,,2021,,,false,following,2021-06-25T23:40:24.000Z,,,
movie,Honey Boy,,2019,,,true,for_later,2021-06-30T18:28:39.000Z,2021-06-30T18:28:39.000Z,,
show,FBI,,2018,,,false,stopped,2021-07-05T18:01:22.000Z,,2021-08-13T18:01:22.000Z,
movie,Bulletproof,,1996,,,false,stopped,2021-07-06T23:05:12.000Z,,2021-07-12T23:05:12.000Z,
movie,Nine Months,,1995,,,false,following,2021-07-11T23:03:22.000Z,,,
movie,Turistas,,2006,,,false,following,2021-07-21T19:02:32.000Z,,,
show,Dark Winds,,2022,,,false,following,2021-07-21T19:37:27.000Z,,,
movie,Mersal,,2017,,,false,following,2021-07-22T23:20:42.000Z,,,
movie,Ek Tha Tiger,,2012,,,false,stopped,2021-07-29T17:32:43.000Z,,2021-09-26T17:32:43.000Z,
movie,The Butterfly Effect 2,,2006,,,false,following,2021-08-07T18:59:44.000Z,,,
show,The Valley of the Wolves,Kurtlar Vadisi,2003,,,false,following,2021-08-11T23:47:53.000Z,,,
movie,7500,,2019,,,false,following,2021-08-12T20:15:23.000Z,,,
movie,Hedwig and the Angry Inch,,2001,,,false,for_later,2021-08-23T22:02:03.000Z,2021-08-23T22:02:03.000Z,,
movie,Cop Car,,2015,,,false,for_later,2021-08-25T21:18:12.000Z,2021-08-25T21:18:12.000Z,,
movie,Yellow Submarine,,1968,,,false,following,2021-09-04T20:34:46.000Z,,,
movie,Rurouni Kenshin Part I: Origins,Rurôni Kenshin: Meiji kenkaku romantan,2012,,,false,following,2021-09-09T22:00:17.000Z,,,
movie,A Little Bit of Heaven,,2011,,,false,following,2021-09-10T22:48:37.000Z,,,
show,Unforgettable,,2011,,,false,following,2021-09-16T23:14:02.000Z,,,
movie,Blindspotting,,2018,,,false,stopped,2021-09-27T18:35:39.000Z,,2021-10-23T18:35:39.000Z,
movie,Friday After Next,,2002,,,true,following,2021-09-28T23:54:40.000Z,,,
movie,Night of the Creeps,,1986,,,false,following,2021-10-08T17:03:45.000Z,,,
movie,Chhapaak,,2020,,,false,stopped,2021-10-08T18:04:13.000Z,,2021-11-06T18:04:13.000Z,
movie,Cold Storage,,2026,,,false,following,2021-10-11T17:55:04.000Z,,,
movie,Between Family,Aile Arasinda,2017,,,false,stopped,2021-10-15T21:42:05.000Z,,2021-10-30T21:42:05.000Z,
movie,Someone Great,,2019,,,false,following,2021-10-21T17:57:19.000Z,,,
movie,Love the Coopers,,2015,,,false,stopped,2021-10-21T22:01:06.000Z,,2021-11-02T22:01:06.000Z,
movie,The Beyond,...E tu vivrai nel terrore! L'aldilà,1981,,,true,for_later,2021-10-24T21:53:34.000Z,2021-10-24T21:53:34.000Z,,
movie,Whitney Houston: I Wanna Dance with Somebody,,2022,,,false,stopped,2021-10-27T22:57:13.000Z,,2021-12-21T22:57:13.000Z,
movie,Battle of Britain,,1969,,,false,stopped,2021-11-08T19:33:03.000Z,,2021-12-11T19:33:03.000Z,
movie,9 Songs,,2004,,,false,stopped,2021-11-09T20:36:07.000Z,,2022-01-07T20:36:07.000Z,
movie,All the King's Men,,2006,,,false,stopped,2021-11-11T22:54:35.000Z,,2021-12-02T22:54:35.000Z,
show,The Office,,2005,,,false,following,2021-11-20T22:36:24.000Z,,,
show,The Big Bang Theory,,2007,,,true,stopped,2021-11-24T17:00:00.000Z,,2021-12-01T17:00:00.000Z,
movie,Dil To Pagal Hai,,1997,,,false,following,2021-11-26T20:48:38.000Z,,,
movie,The Final Girls,,2015,,,false,for_later,2021-12-01T18:34:25.000Z,2021-12-01T18:34:25.000Z,,
show,BoJack Horseman,,2014,,,false,stopped,2021-12-01T21:20:25.000Z,,2022-01-20T21:20:25.000Z,
movie,Arbitrage,,2012,,,false,stopped,2021-12-01T22:44:15.000Z,,2022-01-18T22:44:15.000Z,
movie,The Misfits,,1961,,,false,stopped,2021-12-01T23:56:38.000Z,,2021-12-25T23:56:38.000Z,
movie,First Strike,Ging chaat goo si 4: Gaan dan yam mo,1996,,,false,following,2021-12-02T18:06:35.000Z,,,
movie,Ghosts of Mars,,2001,,,true,following,2021-12-05T18:52:01.000Z,,,
show,Vinyl,,2016,,,true,stopped,2021-12-05T20:37:01.000Z,,2022-01-24T20:37:01.000Z,
show,Chip 'n' Dale Rescue Rangers,Chip 'n Dale: Rescue Rangers,1989,,,true,stopped,2021-12-06T18:30:05.000Z,,2022-01-10T18:30:05.000Z,
movie,Good Newwz,,2019,,,false,stopped,2021-12-06T20:35:41.000Z,,2022-01-10T20:35:41.000Z,
show,Entourage,,2004,,,false,following,2021-12-06T23:41:58.000Z,,,2022-04-08T23:41:58.000Z
movie,The Guns of Navarone,,1961,,,false,stopped,2021-12-07T17:39:55.000Z,,2022-01-05T17:39:55.000Z,
movie,After We Fell,,2021,,,false,following,2021-12-07T18:09:50.000Z,,,
show,Catastrophe,,2015,,,false,following,2021-12-07T18:38:29.000Z,,,
show,Ballard,,2025,,,false,stopped,2021-12-07T21:11:45.000Z,,2022-01-24T21:11:45.000Z,
show,Scam 1992: The Harshad Mehta Story,,2020,,,false,following,2021-12-18T23:09:47.000Z,,,
movie,Home,,2009,,,false,following,2021-12-20T17:06:18.000Z,,,
movie,Running with Scissors,,2006,,,false,stopped,2021-12-27T17:11:52.000Z,,2022-02-11T17:11:52.000Z,
show,Money Heist,La casa de papel,2017,,,false,following,2021-12-28T18:54:30.000Z,,,
show,Squid Game,Ojing-eo geim,2021,,,false,stopped,2021-12-29T19:15:39.000Z,,2022-01-19T19:15:39.000Z,
movie,By the Sea,,2015,,,false,following,2021-12-30T23:32:42.000Z,,,
show,The Fall of the House of Usher,,2023,,,false,for_later,2022-01-05T19:03:46.000Z,2022-01-05T19:03:46.000Z,,
movie,Good Will Hunting,,1997,,,false,for_later,2022-01-22T23:39:01.000Z,2022-01-22T23:39:01.000Z,,
movie,Interiors,,1978,,,false,following,2022-01-26T19:41:03.000Z,,,
movie,"Crouching Tiger, Hidden Dragon: Sword of Destiny",Wo hu cang long: Qing ming bao jian,2016,,,false,following,2022-01-26T20:04:12.000Z,,,
movie,Journal 64,,2018,,,false,stopped,2022-01-29T19:34:57.000Z,,2022-03-01T19:34:57.000Z,
movie,Lokah Chapter One: Chandra,Lokah Chapter 1: Chandra,2025,,,false,following,2022-01-31T18:25:42.000Z,,,
movie,Shrek,,2001,,,false,following,2022-02-01T19:57:35.000Z,,,
movie,Life of Pi,,2012,,,false,following,2022-02-01T21:57:54.000Z,,,
movie,District 9,,2009,,,false,following,2022-02-05T22:22:42.000Z,,,
show,Yellowjackets,,2021,,,false,following,2022-02-20T23:15:38.000Z,,,
show,Fawlty Towers,,1975,,,false,stopped,2022-02-26T17:44:48.000Z,,2022-03-07T17:44:48.000Z,
show,Godless,,2017,,,true,following,2022-02-26T20:23:58.000Z,,,
movie,Being John Malkovich,,1999,,,false,for_later,2022-03-03T18:40:28.000Z,2022-03-03T18:40:28.000Z,,
movie,Armageddon,,1998,,,false,for_later,2022-03-04T17:28:20.000Z,2022-03-04T17:28:20.000Z,,
movie,Barbie,,2023,,,true,following,2022-03-07T17:36:32.000Z,,,
movie,Alien³,,1992,,,false,following,2022-03-16T22:47:28.000Z,,,
movie,Rush Hour 2,,2001,,,false,following,2022-03-19T19:42:04.000Z,,,
movie,Lincoln,,2012,,,true,following,2022-03-22T22:23:42.000Z,,,
show,Angel,,1999,,,false,following,2022-03-26T21:07:49.000Z,,,2022-08-24T21:07:49.000Z
show,Dragon Ball,,1995,,,false,following,2022-04-02T22:25:58.000Z,,,
movie,Enemy,,2013,,,false,for_later,2022-04-05T22:47:46.000Z,2022-04-05T22:47:46.000Z,,
movie,Match Point,,2005,,,false,following,2022-04-17T21:04:15.000Z,,,
movie,Mission: Impossible - The Final Reckoning,,2025,,,false,following,2022-04-21T19:01:20.000Z,,,
movie,Scream 3,,2000,,,false,following,2022-05-09T19:55:47.000Z,,,
movie,Unstoppable,,2010,,,false,stopped,2022-05-11T17:46:27.000Z,,2022-06-15T17:46:27.000Z,
movie,Get Smart,,2008,,,false,stopped,2022-05-21T20:07:27.000Z,,2022-06-09T20:07:27.000Z,
show,Peep Show,,2003,,,false,stopped,2022-05-27T18:27:29.000Z,,2022-07-07T18:27:29.000Z,
movie,Riddick,,2013,,,false,for_later,2022-05-27T23:16:21.000Z,2022-05-27T23:16:21.000Z,,
movie,Evil Dead Rise,,2023,,,false,for_later,2022-06-02T19:31:10.000Z,2022-06-02T19:31:10.000Z,,
movie,My Best Friend's Wedding,,1997,,,false,following,2022-06-03T22:12:09.000Z,,,
show,Scream Queens,,2015,,,true,for_later,2022-06-04T18:19:25.000Z,2022-06-04T18:19:25.000Z,,
movie,Johnny English,,2003,,,false,following,2022-06-10T18:09:15.000Z,,,
movie,I Saw the Devil,Angmareul boatda,2010,,,false,for_later,2022-06-19T20:13:29.000Z,2022-06-19T20:13:29.000Z,,
show,Ragnarok,,2020,,,false,stopped,2022-06-21T17:36:55.000Z,,2022-07-03T17:36:55.000Z,
show,Courage the Cowardly Dog,,1999,,,false,following,2022-06-28T18:05:05.000Z,,,
movie,Foxcatcher,,2014,,,false,stopped,2022-07-01T18:56:52.000Z,,2022-07-16T18:56:52.000Z,
movie,The Invention of Lying,,2009,,,false,following,2022-07-12T21:05:56.000Z,,,
movie,American Fiction,,2023,,,false,following,2022-07-19T21:27:28.000Z,,,
show,Ben 10,,2005,,,false,stopped,2022-07-26T18:53:13.000Z,,2022-08-05T18:53:13.000Z,
movie,Night of the Living Dead,,1968,,,false,following,2022-08-05T19:44:55.000Z,,,
movie,The Kids Are All Right,,2010,,,true,stopped,2022-08-05T20:15:57.000Z,,2022-10-04T20:15:57.000Z,
movie,Exam,,2009,,,false,following,2022-08-08T17:25:59.000Z,,,
show,Hellbound,Jiok,2021,,,false,following,2022-08-27T22:21:30.000Z,,,
movie,Lagaan: Once Upon a Time in India,,2001,,,false,following,2022-09-01T17:36:15.000Z,,,
movie,Monty Python's the Meaning of Life,The Meaning of Life,1983,,,false,stopped,2022-09-01T19:20:04.000Z,,2022-09-15T19:20:04.000Z,
movie,The Unforgivable,,2021,,,false,following,2022-09-06T22:32:21.000Z,,,
movie,Scrooged,,1988,,,true,for_later,2022-09-13T21:17:55.000Z,2022-09-13T21:17:55.000Z,,
show,Turn: Washington's Spies,Turn,2014,,,false,following,2022-09-19T19:13:00.000Z,,,
movie,Entrapment,,1999,,,false,following,2022-09-20T22:28:25.000Z,,,
show,Awake,,2012,,,false,following,2022-10-04T19:40:15.000Z,,,
movie,A Dangerous Method,,2011,,,false,stopped,2022-10-08T17:53:24.000Z,,2022-11-12T17:53:24.000Z,
movie,Wild Strawberries,Smultronstället,1957,,,false,for_later,2022-10-08T21:40:51.000Z,2022-10-08T21:40:51.000Z,,
show,A.P. Bio,,2018,,,false,stopped,2022-10-11T20:36:39.000Z,,2022-10-19T20:36:39.000Z,
show,Anne of Green Gables,,1985,,,false,following,2022-10-15T17:58:31.000Z,,,
movie,Chungking Express,Chung Hing sam lam,1994,,,false,stopped,2022-10-31T21:02:55.000Z,,2022-11-29T21:02:55.000Z,
movie,Halloween Kills,,2021,,,true,stopped,2022-11-03T20:02:47.000Z,,2022-11-19T20:02:47.000Z,
show,The Idol,,2023,,,false,stopped,2022-11-07T22:17:46.000Z,,2022-12-06T22:17:46.000Z,
show,Fullmetal Alchemist: Brotherhood,Hagane no renkinjutsushi,2009,,,false,following,2022-11-08T23:41:43.000Z,,,
movie,Sahara,,2005,,,false,for_later,2022-11-26T21:21:36.000Z,2022-11-26T21:21:36.000Z,,
movie,Taking Lives,,2004,,,false,stopped,2022-12-01T22:49:20.000Z,,2023-01-14T22:49:20.000Z,
movie,The Muppets,,2011,,,false,stopped,2022-12-02T17:40:40.000Z,,2022-12-14T17:40:40.000Z,
movie,Youth,,2015,,,false,following,2022-12-05T17:16:41.000Z,,,
movie,Killers,,2010,,,false,following,2022-12-12T20:50:52.000Z,,,
show,Parasyte: The Maxim,Kiseijû: Sei no kakuritsu,2014,,,true,stopped,2022-12-13T23:56:16.000Z,,2023-01-04T23:56:16.000Z,
movie,Minions: The Rise of Gru,,2022,,,false,stopped,2022-12-22T18:45:16.000Z,,2023-01-20T18:45:16.000Z,
movie,The Dig,,2021,,,false,stopped,2022-12-27T21:56:43.000Z,,2023-01-13T21:56:43.000Z,
movie,Thanksgiving,,2023,,,false,stopped,2023-01-08T18:54:56.000Z,,2023-02-08T18:54:56.000Z,
show,Spy x Family,Supai Famirî,2022,,,false,stopped,2023-01-11T19:34:19.000Z,,2023-02-20T19:34:19.000Z,
movie,Cold Pursuit,,2019,,,false,for_later,2023-01-20T23:09:23.000Z,2023-01-20T23:09:23.000Z,,
movie,21 Bridges,,2019,,,false,for_later,2023-01-23T19:54:44.000Z,2023-01-23T19:54:44.000Z,,
movie,A Simple Plan,,1998,,,false,following,2023-01-31T17:27:58.000Z,,,
show,Grace and Frankie,,2015,,,false,stopped,2023-02-07T20:50:22.000Z,,2023-03-17T20:50:22.000Z,
movie,The Farewell,,2019,,,false,following,2023-02-11T17:09:35.000Z,,,
movie,Collateral Damage,,2002,,,false,following,2023-02-16T23:10:15.000Z,,,
movie,Cocoon,,1985,,,true,stopped,2023-02-21T19:35:26.000Z,,2023-03-17T19:35:26.000Z,
show,I Will Find You,,2026,,,false,following,2023-02-23T22:28:21.000Z,,,
movie,Wicked: For Good,,2025,,,false,following,2023-02-26T18:11:53.000Z,,,
movie,The Guilty,Den skyldige,2018,,,false,following,2023-03-06T18:14:39.000Z,,,
movie,Three Thousand Years of Longing,,2022,,,false,stopped,2023-03-06T18:21:05.000Z,,2023-04-15T18:21:05.000Z,
show,Star Wars: Tales of the Jedi,,2022,,,false,following,2023-03-09T21:31:21.000Z,,,
movie,Draft Day,,2014,,,false,following,2023-03-13T23:57:28.000Z,,,
show,The A-Team,,1983,,,false,following,2023-03-15T23:19:32.000Z,,,
show,Final Space,,2018,,,false,for_later,2023-03-15T23:46:36.000Z,2023-03-15T23:46:36.000Z,,
show,Frozen Planet,,2011,,,true,stopped,2023-03-31T17:45:17.000Z,,2023-05-12T17:45:17.000Z,
movie,Grudge Match,,2013,,,false,following,2023-04-07T22:30:56.000Z,,,2023-08-31T22:30:56.000Z
movie,Under the Silver Lake,,2018,,,false,following,2023-04-14T23:09:13.000Z,,,
movie,Step Up 3D,,2010,,,false,stopped,2023-04-30T23:46:11.000Z,,2023-05-22T23:46:11.000Z,
movie,The Vanishing,Spoorloos,1988,,,false,for_later,2023-05-08T17:36:13.000Z,2023-05-08T17:36:13.000Z,,
show,Man vs. Wild,,2006,,,false,following,2023-05-11T22:57:55.000Z,,,
movie,The Sentinel,,2006,,,false,following,2023-05-14T19:01:19.000Z,,,
movie,Halloween 5: The Revenge of Michael Myers,,1989,,,false,following,2023-05-17T21:00:30.000Z,,,
show,Helix,,2014,,,false,following,2023-05-22T22:36:40.000Z,,,
movie,The Lost Bus,,2025,,,false,following,2023-05-28T23:12:14.000Z,,,
movie,The Stanford Prison Experiment,,2015,,,false,stopped,2023-06-05T21:56:14.000Z,,2023-07-10T21:56:14.000Z,
movie,Taste of Cherry,Ta'm e guilass,1997,,,false,following,2023-06-08T19:02:20.000Z,,,
movie,The Water Horse,,2007,,,false,following,2023-06-09T18:30:01.000Z,,,2023-12-02T18:30:01.000Z
show,Landman,,2024,,,false,stopped,2023-06-17T20:45:53.000Z,,2023-07-08T20:45:53.000Z,
show,Lie to Me,,2009,,,false,for_later,2023-06-22T23:38:36.000Z,2023-06-22T23:38:36.000Z,,
movie,The Human Centipede 2 (Full Sequence),The Human Centipede II (Full Sequence),2011,,,false,following,2023-06-24T21:10:23.000Z,,,
movie,Smolensk,,2016,,,false,for_later,2023-07-02T21:21:21.000Z,2023-07-02T21:21:21.000Z,,
show,Guillermo del Toro's Cabinet of Curiosities,,2022,,,false,stopped,2023-07-03T22:00:47.000Z,,2023-08-05T22:00:47.000Z,
movie,It's a Boy Girl Thing,,2006,,,false,following,2023-07-14T22:53:08.000Z,,,
movie,Dhamaal 4,,2026,,,false,following,2023-07-20T17:18:03.000Z,,,
movie,The Lord of the Rings,,1978,,,false,for_later,2023-07-25T23:30:06.000Z,2023-07-25T23:30:06.000Z,,
movie,Stalingrad,,1993,,,false,following,2023-07-28T19:25:51.000Z,,,
movie,Jolly LLB 3,,2025,,,false,following,2023-07-29T21:39:52.000Z,,,
show,MobLand,,2025,,,false,following,2023-08-01T20:19:20.000Z,,,
movie,Black Christmas,,1974,,,false,following,2023-08-01T23:38:43.000Z,,,
movie,Uptown Girls,,2003,,,false,following,2023-08-02T18:06:37.000Z,,,
show,Misfits,,2009,,,false,following,2023-08-02T20:08:22.000Z,,,
show,Weeds,,2005,,,false,stopped,2023-08-03T18:49:10.000Z,,2023-08-06T18:49:10.000Z,
movie,Shane,,1953,,,false,following,2023-08-03T23:15:02.000Z,,,
movie,Far from Heaven,,2002,,,false,following,2023-08-04T18:39:34.000Z,,,
movie,Pawn Sacrifice,,2014,,,false,following,2023-08-04T19:49:45.000Z,,,
show,The Newsroom,,2012,,,false,following,2023-08-04T22:06:51.000Z,,,
movie,The River Wild,,1994,,,false,following,2023-08-05T17:14:38.000Z,,,
show,Bad Sisters,,2022,,,false,stopped,2023-08-13T20:03:47.000Z,,2023-10-06T20:03:47.000Z,
show,Evil,,2019,,,false,stopped,2023-08-16T23:25:56.000Z,,2023-08-28T23:25:56.000Z,
movie,Darkness Falls,,2003,,,false,stopped,2023-08-16T23:57:01.000Z,,2023-09-22T23:57:01.000Z,
movie,Cuties,Mignonnes,2020,,,false,following,2023-08-17T22:07:44.000Z,,,
movie,Silver Bullet,,1985,,,false,stopped,2023-08-19T17:29:43.000Z,,2023-10-05T17:29:43.000Z,
movie,Jackpot!,,2024,,,true,following,2023-08-19T20:12:54.000Z,,,
movie,Multiplicity,,1996,,,false,for_later,2023-08-20T21:25:05.000Z,2023-08-20T21:25:05.000Z,,
movie,The Code,Thick as Thieves,2009,,,false,following,2023-08-22T20:12:56.000Z,,,
movie,Big Nothing,,2006,,,false,following,2023-08-23T18:20:36.000Z,,,
movie,Delhi Belly,,2011,,,true,stopped,2023-08-23T19:18:24.000Z,,2023-09-01T19:18:24.000Z,
movie,Ladies First,,2026,,,false,following,2023-08-23T22:21:16.000Z,,,
movie,The Titan,,2018,,,false,stopped,2023-08-28T23:11:01.000Z,,2023-09-12T23:11:01.000Z,
movie,The Leopard,Il gattopardo,1963,,,false,following,2023-08-28T23:48:29.000Z,,,
movie,Suite Française,,2014,,,false,stopped,2023-09-03T22:23:46.000Z,,2023-09-22T22:23:46.000Z,
show,Chicago P.D.,,2014,,,false,stopped,2023-09-04T21:37:52.000Z,,2023-09-07T21:37:52.000Z,
movie,How to Steal a Million,,1966,,,true,for_later,2023-09-08T19:33:54.000Z,2023-09-08T19:33:54.000Z,,
movie,Open Grave,,2013,,,false,for_later,2023-09-09T23:29:39.000Z,2023-09-09T23:29:39.000Z,,
movie,Bright Star,,2009,,,true,stopped,2023-09-27T21:31:44.000Z,,2023-11-25T21:31:44.000Z,
movie,Waking Ned Devine,Waking Ned,1998,,,false,stopped,2023-09-29T19:02:38.000Z,,2023-11-18T19:02:38.000Z,
movie,Dead Snow 2: Red vs. Dead,Død snø 2,2014,,,false,following,2023-10-15T17:46:10.000Z,,,
show,The Fairly OddParents,,2001,,,false,following,2023-10-17T20:55:34.000Z,,,
movie,Army of Shadows,L'armée des ombres,1969,,,false,following,2023-10-17T21:14:07.000Z,,,
movie,Celebrity,,1998,,,false,following,2023-10-19T19:37:52.000Z,,,
movie,Gabbar Is Back,,2015,,,false,stopped,2023-10-26T17:56:36.000Z,,2023-11-17T17:56:36.000Z,
movie,Jean de Florette,,1986,,,false,following,2023-10-26T23:48:06.000Z,,,
movie,Before the Flood,,2016,,,false,following,2023-10-29T21:38:43.000Z,,,2024-01-08T21:38:43.000Z
movie,Look Both Ways,,2022,,,false,following,2023-11-03T23:07:44.000Z,,,
movie,Hot Summer Nights,,2017,,,false,following,2023-11-17T17:59:47.000Z,,,
movie,Free Birds,,2013,,,false,stopped,2023-11-21T20:33:06.000Z,,2023-12-07T20:33:06.000Z,
movie,Take the Lead,,2006,,,false,following,2023-11-23T22:09:30.000Z,,,
movie,The Beastmaster,,1982,,,false,following,2023-11-30T21:05:59.000Z,,,
movie,Devil's Knot,,2013,,,false,stopped,2023-12-07T23:19:14.000Z,,2023-12-27T23:19:14.000Z,
movie,Kazaam,,1996,,,false,following,2023-12-18T23:18:15.000Z,,,
movie,Dark Blue,,2002,,,false,following,2023-12-19T19:18:09.000Z,,,
movie,When a Man Loves a Woman,,1994,,,false,following,2023-12-27T17:35:10.000Z,,,
movie,The Riot Club,,2014,,,false,for_later,2024-01-08T18:44:29.000Z,2024-01-08T18:44:29.000Z,,
movie,Elegy,,2008,,,false,following,2024-01-20T22:26:26.000Z,,,
movie,Annapolis,,2006,,,false,stopped,2024-01-22T23:48:08.000Z,,2024-02-14T23:48:08.000Z,
movie,Picture Perfect,,1997,,,false,following,2024-01-27T20:23:19.000Z,,,
movie,Veronica Guerin,,2003,,,false,following,2024-01-28T22:07:56.000Z,,,
movie,The Pursuit of Happyness,,2006,,,false,following,2024-02-09T18:59:03.000Z,,,
movie,The Hateful Eight,,2015,,,false,following,2024-02-12T18:44:21.000Z,,,
movie,Little Miss Sunshine,,2006,,,false,following,2024-02-19T19:22:09.000Z,,,
movie,Ex Machina,,2014,,,false,for_later,2024-02-19T19:48:02.000Z,2024-02-19T19:48:02.000Z,,
movie,The Hobbit: The Desolation of Smaug,,2013,,,false,stopped,2024-02-24T22:37:32.000Z,,2024-04-02T22:37:32.000Z,
movie,Pride & Prejudice,,2005,,,false,following,2024-03-09T18:47:31.000Z,,,
movie,Weapons,,2025,,,false,following,2024-03-10T22:10:18.000Z,,,
movie,The Village,,2004,,,false,for_later,2024-03-22T19:00:40.000Z,2024-03-22T19:00:40.000Z,,
movie,The Expendables,,2010,,,false,stopped,2024-03-30T17:16:39.000Z,,2024-05-20T17:16:39.000Z,
movie,Blue Valentine,,2010,,,false,following,2024-04-06T19:29:06.000Z,,,
show,Colony,,2016,,,false,stopped,2024-04-08T22:15:17.000Z,,2024-04-30T22:15:17.000Z,
movie,Tomb Raider,,2018,,,false,following,2024-04-14T18:28:53.000Z,,,
movie,End of Watch,,2012,,,false,stopped,2024-04-17T21:25:47.000Z,,2024-06-07T21:25:47.000Z,
movie,You've Got Mail,,1998,,,false,following,2024-04-17T21:59:19.000Z,,,2024-05-28T21:59:19.000Z
show,The Midnight Club,,2022,,,false,following,2024-05-04T18:22:06.000Z,,,
movie,Shark Tale,,2004,,,false,following,2024-05-17T17:13:46.000Z,,,
movie,The Covenant,,2023,,,false,following,2024-05-18T17:21:43.000Z,,,
movie,One Hundred and One Dalmatians,,1961,,,false,for_later,2024-05-21T18:32:05.000Z,2024-05-21T18:32:05.000Z,,
movie,Sideways,,2004,,,false,stopped,2024-05-24T19:59:26.000Z,,2024-07-01T19:59:26.000Z,
show,Knight Rider,,1982,,,false,stopped,2024-05-26T19:41:17.000Z,,2024-07-07T19:41:17.000Z,
movie,The Legend of Tarzan,,2016,,,false,following,2024-05-31T21:48:08.000Z,,,
movie,Hotel Transylvania 2,,2015,,,false,following,2024-06-05T18:56:14.000Z,,,
movie,Under the Skin,,2013,,,false,following,2024-06-07T20:55:55.000Z,,,
show,Victoria,,2016,,,false,stopped,2024-06-08T20:29:33.000Z,,2024-06-25T20:29:33.000Z,
movie,Remember Me,,2010,,,false,stopped,2024-06-08T20:38:54.000Z,,2024-06-25T20:38:54.000Z,
movie,Carry-On,,2024,,,false,for_later,2024-06-12T20:50:48.000Z,2024-06-12T20:50:48.000Z,,
show,Doctor Who,,1963,,,false,following,2024-06-13T20:45:45.000Z,,,
movie,Mad Max: Beyond Thunderdome,Mad Max Beyond Thunderdome,1985,,,false,following,2024-06-20T22:40:48.000Z,,,
movie,Love and Monsters,,2020,,,false,following,2024-06-22T22:50:15.000Z,,,
movie,One Hour Photo,,2002,,,false,following,2024-07-02T21:33:51.000Z,,,
show,Life on Mars,,2006,,,false,stopped,2024-07-11T18:16:42.000Z,,2024-08-07T18:16:42.000Z,
movie,Penguins of Madagascar,,2014,,,false,for_later,2024-07-27T21:21:52.000Z,2024-07-27T21:21:52.000Z,,
movie,The Road to El Dorado,,2000,,,false,stopped,2024-07-30T20:03:21.000Z,,2024-08-16T20:03:21.000Z,
movie,Dead Man,,1995,,,false,following,2024-08-11T20:35:07.000Z,,,
movie,Paprika,,2006,,,false,stopped,2024-08-18T18:16:49.000Z,,2024-08-31T18:16:49.000Z,
show,Alphas,,2011,,,false,following,2024-08-23T20:30:13.000Z,,,
movie,Finch,,2021,,,false,following,2024-08-26T20:48:43.000Z,,,
show,Daria,,1997,,,false,for_later,2024-08-29T19:22:15.000Z,2024-08-29T19:22:15.000Z,,
movie,Alvin and the Chipmunks,,2007,,,false,for_later,2024-09-03T20:18:14.000Z,2024-09-03T20:18:14.000Z,,
show,Black Lightning,,2018,,,false,stopped,2024-09-06T17:10:24.000Z,,2024-09-24T17:10:24.000Z,
movie,The Longest Ride,,2015,,,false,following,2024-09-06T17:11:02.000Z,,,
movie,The American,,2010,,,false,following,2024-09-09T22:33:12.000Z,,,
movie,Mirror Mirror,,2012,,,false,following,2024-09-19T20:36:40.000Z,,,
movie,Barfi!,,2012,,,false,following,2024-09-30T17:25:26.000Z,,,
movie,Unfriended,,2014,,,false,following,2024-10-01T22:09:04.000Z,,,
movie,Sympathy for Lady Vengeance,Chinjeolhan Geumjassi,2005,,,false,stopped,2024-10-08T21:22:45.000Z,,2024-11-27T21:22:45.000Z,
movie,Amistad,,1997,,,false,following,2024-10-21T18:09:18.000Z,,,
movie,A Perfect World,,1993,,,false,for_later,2024-10-23T22:41:22.000Z,2024-10-23T22:41:22.000Z,,
movie,The Texas Chainsaw Massacre: The Beginning,,2006,,,false,following,2024-11-02T19:21:32.000Z,,,
show,Tales from the Loop,,2020,,,false,following,2024-11-06T17:12:15.000Z,,,
movie,Bewitched,,2005,,,false,stopped,2024-11-10T23:51:40.000Z,,2024-12-27T23:51:40.000Z,
movie,When in Rome,,2010,,,false,following,2024-11-15T23:24:27.000Z,,,
movie,Le Samouraï,,1967,,,false,stopped,2024-11-16T18:16:03.000Z,,2024-12-02T18:16:03.000Z,
movie,Sympathy for Mr. Vengeance,Boksuneun naui geot,2002,,,false,stopped,2024-11-24T17:55:24.000Z,,2024-12-20T17:55:24.000Z,
movie,Mirage,Durante la tormenta,2018,,,false,following,2024-11-27T20:05:53.000Z,,,
movie,Sholay,,1975,,,false,following,2024-11-29T22:18:08.000Z,,,
movie,The War of the Roses,,1989,,,false,following,2024-12-09T20:49:37.000Z,,,2025-05-03T20:49:37.000Z
movie,Florence Foster Jenkins,,2016,,,false,following,2024-12-15T17:10:48.000Z,,,
show,What's Wrong with Secretary Kim,Kimbiseoga wae geureolkka,2018,,,false,following,2024-12-21T23:44:54.000Z,,,
show,Moonlight,,2007,,,false,for_later,2024-12-23T19:34:40.000Z,2024-12-23T19:34:40.000Z,,
movie,Troll,,2022,,,false,following,2024-12-26T23:11:10.000Z,,,
movie,15 Minutes,,2001,,,false,following,2025-01-01T19:38:04.000Z,,,
movie,Five Nights at Freddy's 2,,2025,,,false,for_later,2025-01-01T20:14:49.000Z,2025-01-01T20:14:49.000Z,,
movie,Cujo,,1983,,,false,stopped,2025-01-02T17:20:39.000Z,,2025-02-16T17:20:39.000Z,
movie,Michael,,1996,,,false,stopped,2025-01-02T21:30:35.000Z,,2025-02-19T21:30:35.000Z,
show,A Man on the Inside,,2024,,,false,following,2025-01-02T22:54:27.000Z,,,
show,True Story,,2021,,,false,following,2025-01-03T17:42:31.000Z,,,
movie,Alone in the Dark,,2005,,,false,following,2025-01-03T18:45:02.000Z,,,
show,Sirens,,2025,,,false,following,2025-01-03T20:52:44.000Z,,,
show,Poldark,,2015,,,false,for_later,2025-01-04T20:57:53.000Z,2025-01-04T20:57:53.000Z,,
movie,Mission Majnu,,2023,,,false,stopped,2025-01-04T23:12:58.000Z,,2025-02-03T23:12:58.000Z,
movie,Labor Day,,2013,,,false,stopped,2025-01-09T21:15:57.000Z,,2025-01-16T21:15:57.000Z,
movie,After the Sunset,,2004,,,false,stopped,2025-01-10T22:30:26.000Z,,2025-02-10T22:30:26.000Z,
movie,Take Me Home Tonight,,2011,,,true,following,2025-01-21T22:51:10.000Z,,,
show,Constellation,,2024,,,false,following,2025-01-24T19:09:49.000Z,,,
movie,Do Revenge,,2022,,,false,stopped,2025-01-24T23:33:10.000Z,,2025-02-05T23:33:10.000Z,
movie,Free Fire,,2016,,,false,stopped,2025-01-27T22:01:11.000Z,,2025-02-03T22:01:11.000Z,
movie,Can't Hardly Wait,,1998,,,false,following,2025-01-30T22:05:43.000Z,,,
show,Black Mirror,,2011,,,false,stopped,2025-02-05T19:06:24.000Z,,2025-03-03T19:06:24.000Z,
show,The X-Files,The X Files,1993,,,false,following,2025-02-06T21:33:39.000Z,,,
movie,The Addams Family,,2019,,,false,following,2025-02-10T18:57:20.000Z,,,
movie,Roxanne,,1987,,,false,following,2025-02-15T17:01:46.000Z,,,
movie,Central Station,Central do Brasil,1998,,,false,following,2025-02-24T20:23:27.000Z,,,
movie,Murder Mubarak,,2024,,,false,following,2025-02-24T21:09:06.000Z,,,
movie,Astro Boy,,2009,,,false,following,2025-03-05T22:31:10.000Z,,,
movie,Regression,,2015,,,false,stopped,2025-03-23T18:17:01.000Z,,2025-05-12T18:17:01.000Z,
movie,Paul Blart: Mall Cop 2,,2015,,,false,following,2025-03-25T22:46:37.000Z,,,
show,One Piece,,2023,,,false,stopped,2025-03-26T19:12:18.000Z,,2025-04-18T19:12:18.000Z,
movie,Better Man,,2024,,,false,following,2025-03-31T21:53:03.000Z,,,
show,Iron Fist,,2017,,,false,following,2025-04-10T19:53:56.000Z,,,
movie,Hit and Run,,2012,,,false,for_later,2025-04-19T23:11:36.000Z,2025-04-19T23:11:36.000Z,,2025-05-23T23:11:36.000Z
movie,Heavy Metal,,1981,,,false,following,2025-04-20T18:38:33.000Z,,,
show,24,,2001,,,false,stopped,2025-04-27T17:40:35.000Z,,2025-05-15T17:40:35.000Z,
movie,Romeo and Juliet,,1968,,,false,stopped,2025-05-01T22:41:24.000Z,,2025-06-10T22:41:24.000Z,
movie,Good Burger,,1997,,,false,following,2025-05-05T23:11:16.000Z,,,
movie,Poltergeist II: The Other Side,,1986,,,false,stopped,2025-05-12T17:38:37.000Z,,2025-06-20T17:38:37.000Z,
show,Luke Cage,,2016,,,false,following,2025-05-20T19:10:13.000Z,,,
movie,Tamasha,,2015,,,false,for_later,2025-05-20T22:33:43.000Z,2025-05-20T22:33:43.000Z,,
movie,An Unfinished Life,,2005,,,false,following,2025-05-21T18:11:24.000Z,,,
movie,The Umbrellas of Cherbourg,Les parapluies de Cherbourg,1964,,,false,for_later,2025-05-27T22:44:42.000Z,2025-05-27T22:44:42.000Z,,
movie,The Edukators,Die fetten Jahre sind vorbei,2004,,,false,following,2025-05-31T18:43:45.000Z,,,
show,Blue Mountain State,,2010,,,false,following,2025-06-01T19:33:49.000Z,,,
show,The King of Queens,,1998,,,false,following,2025-06-14T18:30:35.000Z,,,
movie,Pad Man,,2018,,,false,for_later,2025-06-17T19:18:07.000Z,2025-06-17T19:18:07.000Z,,
movie,Police Story 3: Supercop,Ging chaat goo si III: Chiu kup ging chaat,1992,,,false,stopped,2025-06-20T18:40:29.000Z,,2025-08-11T18:40:29.000Z,
movie,My Boss's Daughter,,2003,,,false,following,2025-06-26T22:42:42.000Z,,,
movie,Red Rock West,,1993,,,true,following,2025-06-27T21:29:27.000Z,,,
movie,Mighty Morphin Power Rangers: The Movie,,1995,,,false,following,2025-06-29T17:20:51.000Z,,,
movie,Miss Americana,,2020,,,false,following,2025-07-01T19:05:22.000Z,,,
movie,Three Monkeys,Üç Maymun,2008,,,false,following,2025-07-01T19:54:58.000Z,,,
movie,Bad Day at Black Rock,,1955,,,true,stopped,2025-07-03T19:10:19.000Z,,2025-08-15T19:10:19.000Z,
show,Sword Art Online,,2012,,,false,stopped,2025-07-11T20:30:26.000Z,,2025-09-09T20:30:26.000Z,
movie,Pet Sematary II,,1992,,,false,for_later,2025-07-13T17:18:56.000Z,2025-07-13T17:18:56.000Z,,
show,Percy Jackson and the Olympians,,2023,,,false,watching,2025-07-14T21:57:39.000Z,,,
movie,Kill Me Three Times,,2014,,,false,for_later,2025-07-25T22:24:29.000Z,2025-07-25T22:24:29.000Z,,
movie,Strange Wilderness,,2008,,,false,following,2025-08-04T22:30:26.000Z,,,
movie,My Life as a Dog,Mitt liv som hund,1985,,,false,following,2025-08-19T18:41:53.000Z,,,
movie,Less Than Zero,,1987,,,true,stopped,2025-08-20T19:11:01.000Z,,2025-08-26T19:11:01.000Z,
show,Masters of Sex,,2013,,,false,stopped,2025-08-23T19:32:31.000Z,,2025-10-12T19:32:31.000Z,
show,Bluey,,2018,,,false,for_later,2025-08-28T20:44:13.000Z,2025-08-28T20:44:13.000Z,,
show,Broad City,,2014,,,false,following,2025-08-29T21:27:14.000Z,,,2025-10-20T21:27:14.000Z
movie,Killing Zoe,,1993,,,true,following,2025-09-09T17:53:03.000Z,,,
show,Halt and Catch Fire,,2014,,,false,watching,2025-09-18T19:45:21.000Z,,,
movie,Lords of Chaos,,2018,,,true,watching,2025-09-21T21:08:33.000Z,,,
movie,Dick,,1999,,,false,following,2025-09-23T17:01:00.000Z,,,
movie,The Juror,,1996,,,false,following,2025-09-25T23:49:25.000Z,,,
show,Black Summer,,2019,,,false,for_later,2025-09-29T21:37:04.000Z,2025-09-29T21:37:04.000Z,,
show,9-1-1: Lone Star,,2020,,,false,for_later,2025-10-06T23:55:05.000Z,2025-10-06T23:55:05.000Z,,
movie,Thor: Ragnarok,,2017,,,false,watching,2025-10-13T20:54:12.000Z,,,
show,Pose,,2018,,,true,for_later,2025-10-16T22:32:35.000Z,2025-10-16T22:32:35.000Z,,
movie,Schindler's List,,1993,,,false,stopped,2025-10-25T20:39:30.000Z,,2025-12-16T20:39:30.000Z,
movie,There Will Be Blood,,2007,,,false,stopped,2025-11-09T17:38:32.000Z,,2025-12-09T17:38:32.000Z,
movie,The Last Samurai,,2003,,,false,for_later,2025-11-10T17:08:25.000Z,2025-11-10T17:08:25.000Z,,
movie,Zoolander,,2001,,,false,stopped,2025-11-15T20:46:20.000Z,,2025-11-23T20:46:20.000Z,
movie,Ted,,2012,,,false,following,2025-11-17T18:18:44.000Z,,,
movie,X2: X-Men United,X2,2003,,,false,following,2025-11-22T19:08:58.000Z,,,
movie,Everything Everywhere All at Once,,2022,,,false,following,2025-11-25T21:58:24.000Z,,,
movie,How to Train Your Dragon,,2010,,,false,following,2025-11-28T21:45:47.000Z,,,
movie,Eli,,2019,,,false,following,2025-12-01T20:42:57.000Z,,,
show,The Muppet Show,,1976,,,false,stopped,2025-12-02T23:13:12.000Z,,2026-01-18T23:13:12.000Z,
movie,Money Train,,1995,,,false,following,2025-12-03T18:29:38.000Z,,,
movie,Drugstore Cowboy,,1989,,,false,following,2025-12-03T22:52:31.000Z,,,
movie,Ip Man 4: The Finale,Yip Man 4,2019,,,false,following,2025-12-05T19:39:53.000Z,,,
movie,Interstate 60,Interstate 60: Episodes of the Road,2002,,,false,following,2025-12-05T23:35:50.000Z,,,
show,The Last of Us,,2023,,,false,stopped,2025-12-06T18:10:10.000Z,,2026-01-22T18:10:10.000Z,
movie,Bachelor Party,,1984,,,true,watching,2025-12-06T22:26:08.000Z,,,
show,Just Shoot Me!,,1997,,,false,stopped,2025-12-07T23:51:55.000Z,,2026-01-13T23:51:55.000Z,
show,My Life with the Walter Boys,,2023,,,false,stopped,2025-12-08T22:30:37.000Z,,2026-01-26T22:30:37.000Z,
movie,First Blood,,1982,,,false,following,2025-12-08T23:24:13.000Z,,,
movie,The Tomorrow War,,2021,,,false,following,2025-12-16T20:35:05.000Z,,,
movie,Cape Fear,,1991,,,false,stopped,2025-12-26T22:48:11.000Z,,2026-02-15T22:48:11.000Z,
movie,The Patriot,,2000,,,false,watching,2025-12-27T21:31:36.000Z,,,
movie,Waterworld,,1995,,,false,following,2026-01-14T20:06:58.000Z,,,
show,Mildred Pierce,,2011,,,false,for_later,2026-01-22T18:36:36.000Z,2026-01-22T18:36:36.000Z,,
movie,Chicken Run,,2000,,,false,following,2026-01-25T18:36:39.000Z,,,
movie,28 Years Later,,2025,,,false,following,2026-02-02T20:05:06.000Z,,,
movie,Hero,Ying xiong,2002,,,false,following,2026-02-03T23:50:40.000Z,,,
movie,The Taking of Pelham 123,,2009,,,false,following,2026-02-04T20:04:07.000Z,,,
movie,Underworld: Rise of the Lycans,,2009,,,false,following,2026-02-09T19:47:13.000Z,,,
show,A League of Their Own,,2022,,,false,following,2026-02-10T22:59:00.000Z,,,
movie,The Bank Job,,2008,,,false,stopped,2026-02-12T21:21:55.000Z,,2026-04-03T21:21:55.000Z,
movie,Rambo: First Blood Part II,,1985,,,false,following,2026-02-22T18:36:01.000Z,,,
movie,Last Vegas,,2013,,,false,for_later,2026-03-01T22:55:30.000Z,2026-03-01T22:55:30.000Z,,
movie,Adventureland,,2009,,,false,for_later,2026-03-01T23:16:15.000Z,2026-03-01T23:16:15.000Z,,
movie,Greenland,,2020,,,false,following,2026-03-04T20:41:57.000Z,,,
movie,Eraserhead,,1977,,,false,following,2026-03-05T23:16:48.000Z,,,2026-08-05T23:16:48.000Z
movie,Baahubali: The Beginning,Bãhubali: The Beginning,2015,,,false,following,2026-03-11T23:32:14.000Z,,,
movie,How to Train Your Dragon,,2025,,,true,for_later,2026-03-21T23:40:39.000Z,2026-03-21T23:40:39.000Z,,
movie,Mortal Kombat,,1995,,,true,following,2026-04-03T22:00:43.000Z,,,
movie,The Wave,Die Welle,2008,,,false,stopped,2026-04-07T23:17:38.000Z,,2026-05-27T23:17:38.000Z,
movie,The Cloverfield Paradox,,2018,,,false,stopped,2026-04-14T22:32:39.000Z,,2026-05-08T22:32:39.000Z,
movie,Live and Let Die,,1973,,,false,stopped,2026-04-30T21:12:05.000Z,,2026-06-23T21:12:05.000Z,
show,Star Trek: Deep Space Nine,,1993,,,false,stopped,2026-05-06T19:32:29.000Z,,2026-06-11T19:32:29.000Z,
show,The Pacific,,2010,,,false,for_later,2026-05-26T23:37:53.000Z,2026-05-26T23:37:53.000Z,,
movie,Super Troopers,,2001,,,false,stopped,2026-05-31T18:36:05.000Z,,2026-06-24T18:36:05.000Z,
movie,Teenage Mutant Ninja Turtles: Out of the Shadows,,2016,,,false,watching,2026-06-09T21:57:26.000Z,,,
movie,The Hurricane,,1999,,,false,for_later,2026-06-11T23:51:57.000Z,2026-06-11T23:51:57.000Z,,2026-08-21T23:51:57.000Z
movie,Wolfs,,2024,,,false,following,2026-06-18T23:01:58.000Z,,,
movie,Fright Night,,2011,,,false,following,2026-06-25T22:36:52.000Z,,,
movie,August: Osage County,,2013,,,false,stopped,2026-07-02T23:26:36.000Z,,2026-07-26T23:26:36.000Z,
show,Shadowhunters,Shadowhunters: The Mortal Instruments,2016,,,false,stopped,2026-07-18T19:37:47.000Z,,2026-07-25T19:37:47.000Z,
show,Black Rabbit,,2025,,,false,stopped,2026-07-28T23:12:44.000Z,,2026-08-17T23:12:44.000Z,
movie,Elle,,2016,,,false,stopped,2026-08-10T23:52:05.000Z,,2026-10-07T23:52:05.000Z,
movie,Snitch,,2013,,,false,following,2026-08-15T18:04:51.000Z,,,2027-01-12T18:04:51.000Z
movie,Mona Lisa Smile,,2003,,,false,stopped,2026-08-18T18:35:48.000Z,,2026-09-10T18:35:48.000Z,
show,Ugly Betty,,2006,,,false,for_later,2026-08-21T18:00:36.000Z,2026-08-21T18:00:36.000Z,,
show,Sneaky Pete,,2015,,,false,stopped,2026-08-23T19:26:47.000Z,,2026-10-03T19:26:47.000Z,
movie,Roofman,,2025,,,false,following,2026-08-30T18:54:36.000Z,,,
